"","Park.Name","Area","Latitude","Longitude","Category","Order","Family","Scientific.Name","Conservation.Status"
"1","Acadia National Park",47390,44.35,-68.21,"Mammal","Chiroptera","Vespertilionidae","Eptesicus fuscus","Species of Concern"
"2","Acadia National Park",47390,44.35,-68.21,"Mammal","Chiroptera","Vespertilionidae","Lasionycteris noctivagans","Species of Concern"
"3","Acadia National Park",47390,44.35,-68.21,"Mammal","Chiroptera","Vespertilionidae","Lasiurus borealis","Least Concern"
"4","Acadia National Park",47390,44.35,-68.21,"Mammal","Chiroptera","Vespertilionidae","Lasiurus cinereus","Least Concern"
"5","Acadia National Park",47390,44.35,-68.21,"Mammal","Chiroptera","Vespertilionidae","Myotis keenii","Species of Concern"
"6","Acadia National Park",47390,44.35,-68.21,"Mammal","Chiroptera","Vespertilionidae","Myotis leibii","Species of Concern"
"7","Acadia National Park",47390,44.35,-68.21,"Mammal","Chiroptera","Vespertilionidae","Myotis lucifugus","Species of Concern"
"8","Acadia National Park",47390,44.35,-68.21,"Mammal","Chiroptera","Vespertilionidae","Pipistrellus subflavus","Least Concern"
"9","Arches National Park",76519,38.68,-109.57,"Mammal","Chiroptera","Molossidae","Nyctinomops macrotis","Species of Concern"
"10","Arches National Park",76519,38.68,-109.57,"Mammal","Chiroptera","Molossidae","Tadarida brasiliensis","Least Concern"
"11","Arches National Park",76519,38.68,-109.57,"Mammal","Chiroptera","Vespertilionidae","Antrozous pallidus","Species of Concern"
"12","Arches National Park",76519,38.68,-109.57,"Mammal","Chiroptera","Vespertilionidae","Corynorhinus townsendii","Least Concern"
"13","Arches National Park",76519,38.68,-109.57,"Mammal","Chiroptera","Vespertilionidae","Eptesicus fuscus","Species of Concern"
"14","Arches National Park",76519,38.68,-109.57,"Mammal","Chiroptera","Vespertilionidae","Euderma maculatum","Species of Concern"
"15","Arches National Park",76519,38.68,-109.57,"Mammal","Chiroptera","Vespertilionidae","Idionycteris phyllotis","Species of Concern"
"16","Arches National Park",76519,38.68,-109.57,"Mammal","Chiroptera","Vespertilionidae","Lasionycteris noctivagans","Species of Concern"
"17","Arches National Park",76519,38.68,-109.57,"Mammal","Chiroptera","Vespertilionidae","Lasiurus cinereus","Least Concern"
"18","Arches National Park",76519,38.68,-109.57,"Mammal","Chiroptera","Vespertilionidae","Myotis californicus","Species of Concern"
"19","Arches National Park",76519,38.68,-109.57,"Mammal","Chiroptera","Vespertilionidae","Myotis ciliolabrum","Least Concern"
"20","Arches National Park",76519,38.68,-109.57,"Mammal","Chiroptera","Vespertilionidae","Myotis evotis","Species of Concern"
"21","Arches National Park",76519,38.68,-109.57,"Mammal","Chiroptera","Vespertilionidae","Myotis lucifugus","Species of Concern"
"22","Arches National Park",76519,38.68,-109.57,"Mammal","Chiroptera","Vespertilionidae","Myotis thysanodes","Species of Concern"
"23","Arches National Park",76519,38.68,-109.57,"Mammal","Chiroptera","Vespertilionidae","Myotis volans","Species of Concern"
"24","Arches National Park",76519,38.68,-109.57,"Mammal","Chiroptera","Vespertilionidae","Myotis yumanensis","Species of Concern"
"25","Arches National Park",76519,38.68,-109.57,"Mammal","Chiroptera","Vespertilionidae","Pipistrellus hesperus","Species of Concern"
"26","Badlands National Park",242756,43.75,-102.5,"Mammal","Chiroptera","Vespertilionidae","Corynorhinus townsendii","Least Concern"
"27","Badlands National Park",242756,43.75,-102.5,"Mammal","Chiroptera","Vespertilionidae","Eptesicus fuscus","Species of Concern"
"28","Badlands National Park",242756,43.75,-102.5,"Mammal","Chiroptera","Vespertilionidae","Lasionycteris noctivagans","Species of Concern"
"29","Badlands National Park",242756,43.75,-102.5,"Mammal","Chiroptera","Vespertilionidae","Lasiurus cinereus","Least Concern"
"30","Badlands National Park",242756,43.75,-102.5,"Mammal","Chiroptera","Vespertilionidae","Myotis ciliolabrum","Least Concern"
"31","Badlands National Park",242756,43.75,-102.5,"Mammal","Chiroptera","Vespertilionidae","Myotis evotis","Species of Concern"
"32","Badlands National Park",242756,43.75,-102.5,"Mammal","Chiroptera","Vespertilionidae","Myotis lucifugus","Species of Concern"
"33","Badlands National Park",242756,43.75,-102.5,"Mammal","Chiroptera","Vespertilionidae","Myotis septentrionalis","Threatened"
"34","Badlands National Park",242756,43.75,-102.5,"Mammal","Chiroptera","Vespertilionidae","Myotis thysanodes pahasapensis","Species of Concern"
"35","Badlands National Park",242756,43.75,-102.5,"Mammal","Chiroptera","Vespertilionidae","Myotis volans","Species of Concern"
"36","Big Bend National Park",801163,29.25,-103.25,"Mammal","Chiroptera","Molossidae","Eumops perotis","Least Concern"
"37","Big Bend National Park",801163,29.25,-103.25,"Mammal","Chiroptera","Molossidae","Nyctinomops femorosaccus","Species of Concern"
"38","Big Bend National Park",801163,29.25,-103.25,"Mammal","Chiroptera","Molossidae","Nyctinomops macrotis","Species of Concern"
"39","Big Bend National Park",801163,29.25,-103.25,"Mammal","Chiroptera","Molossidae","Tadarida brasiliensis","Least Concern"
"40","Big Bend National Park",801163,29.25,-103.25,"Mammal","Chiroptera","Mormoopidae","Mormoops megalophylla","Least Concern"
"41","Big Bend National Park",801163,29.25,-103.25,"Mammal","Chiroptera","Phyllostomidae","Leptonycteris nivalis","Endangered"
"42","Big Bend National Park",801163,29.25,-103.25,"Mammal","Chiroptera","Vespertilionidae","Antrozous pallidus","Species of Concern"
"43","Big Bend National Park",801163,29.25,-103.25,"Mammal","Chiroptera","Vespertilionidae","Corynorhinus townsendii","Least Concern"
"44","Big Bend National Park",801163,29.25,-103.25,"Mammal","Chiroptera","Vespertilionidae","Eptesicus fuscus","Species of Concern"
"45","Big Bend National Park",801163,29.25,-103.25,"Mammal","Chiroptera","Vespertilionidae","Euderma maculatum","Species of Concern"
"46","Big Bend National Park",801163,29.25,-103.25,"Mammal","Chiroptera","Vespertilionidae","Lasionycteris noctivagans","Species of Concern"
"47","Big Bend National Park",801163,29.25,-103.25,"Mammal","Chiroptera","Vespertilionidae","Lasiurus borealis","Least Concern"
"48","Big Bend National Park",801163,29.25,-103.25,"Mammal","Chiroptera","Vespertilionidae","Lasiurus cinereus","Least Concern"
"49","Big Bend National Park",801163,29.25,-103.25,"Mammal","Chiroptera","Vespertilionidae","Lasiurus xanthinus","Least Concern"
"50","Big Bend National Park",801163,29.25,-103.25,"Mammal","Chiroptera","Vespertilionidae","Myotis californicus","Species of Concern"
"51","Big Bend National Park",801163,29.25,-103.25,"Mammal","Chiroptera","Vespertilionidae","Myotis ciliolabrum","Least Concern"
"52","Big Bend National Park",801163,29.25,-103.25,"Mammal","Chiroptera","Vespertilionidae","Myotis thysanodes","Species of Concern"
"53","Big Bend National Park",801163,29.25,-103.25,"Mammal","Chiroptera","Vespertilionidae","Myotis velifer","Species of Concern"
"54","Big Bend National Park",801163,29.25,-103.25,"Mammal","Chiroptera","Vespertilionidae","Myotis volans","Species of Concern"
"55","Big Bend National Park",801163,29.25,-103.25,"Mammal","Chiroptera","Vespertilionidae","Myotis yumanensis","Species of Concern"
"56","Big Bend National Park",801163,29.25,-103.25,"Mammal","Chiroptera","Vespertilionidae","Pipistrellus hesperus","Species of Concern"
"57","Big Bend National Park",801163,29.25,-103.25,"Mammal","Chiroptera","Vespertilionidae","Pipistrellus subflavus","Least Concern"
"58","Biscayne National Park",172924,25.65,-80.08,"Mammal","Chiroptera","Molossidae","Eumops glaucinus","Least Concern"
"59","Biscayne National Park",172924,25.65,-80.08,"Mammal","Chiroptera","Molossidae","Tadarida brasiliensis","Least Concern"
"60","Biscayne National Park",172924,25.65,-80.08,"Mammal","Chiroptera","Vespertilionidae","Lasiurus seminolus","Least Concern"
"61","Black Canyon of the Gunnison National Park",32950,38.57,-107.72,"Mammal","Chiroptera","Molossidae","Nyctinomops macrotis","Species of Concern"
"62","Black Canyon of the Gunnison National Park",32950,38.57,-107.72,"Mammal","Chiroptera","Molossidae","Tadarida brasiliensis","Least Concern"
"63","Black Canyon of the Gunnison National Park",32950,38.57,-107.72,"Mammal","Chiroptera","Vespertilionidae","Antrozous pallidus","Species of Concern"
"64","Black Canyon of the Gunnison National Park",32950,38.57,-107.72,"Mammal","Chiroptera","Vespertilionidae","Corynorhinus townsendii","Least Concern"
"65","Black Canyon of the Gunnison National Park",32950,38.57,-107.72,"Mammal","Chiroptera","Vespertilionidae","Eptesicus fuscus","Species of Concern"
"66","Black Canyon of the Gunnison National Park",32950,38.57,-107.72,"Mammal","Chiroptera","Vespertilionidae","Euderma maculatum","Species of Concern"
"67","Black Canyon of the Gunnison National Park",32950,38.57,-107.72,"Mammal","Chiroptera","Vespertilionidae","Lasionycteris noctivagans","Species of Concern"
"68","Black Canyon of the Gunnison National Park",32950,38.57,-107.72,"Mammal","Chiroptera","Vespertilionidae","Lasiurus cinereus","Least Concern"
"69","Black Canyon of the Gunnison National Park",32950,38.57,-107.72,"Mammal","Chiroptera","Vespertilionidae","Myotis californicus","Species of Concern"
"70","Black Canyon of the Gunnison National Park",32950,38.57,-107.72,"Mammal","Chiroptera","Vespertilionidae","Myotis ciliolabrum","Least Concern"
"71","Black Canyon of the Gunnison National Park",32950,38.57,-107.72,"Mammal","Chiroptera","Vespertilionidae","Myotis evotis","Species of Concern"
"72","Black Canyon of the Gunnison National Park",32950,38.57,-107.72,"Mammal","Chiroptera","Vespertilionidae","Myotis lucifugus","Species of Concern"
"73","Black Canyon of the Gunnison National Park",32950,38.57,-107.72,"Mammal","Chiroptera","Vespertilionidae","Myotis thysanodes","Species of Concern"
"74","Black Canyon of the Gunnison National Park",32950,38.57,-107.72,"Mammal","Chiroptera","Vespertilionidae","Myotis volans","Species of Concern"
"75","Black Canyon of the Gunnison National Park",32950,38.57,-107.72,"Mammal","Chiroptera","Vespertilionidae","Myotis yumanensis","Species of Concern"
"76","Black Canyon of the Gunnison National Park",32950,38.57,-107.72,"Mammal","Chiroptera","Vespertilionidae","Pipistrellus hesperus","Species of Concern"
"77","Bryce Canyon National Park",35835,37.57,-112.18,"Mammal","Chiroptera","Molossidae","Nyctinomops macrotis","Species of Concern"
"78","Bryce Canyon National Park",35835,37.57,-112.18,"Mammal","Chiroptera","Molossidae","Tadarida brasiliensis","Least Concern"
"79","Bryce Canyon National Park",35835,37.57,-112.18,"Mammal","Chiroptera","Vespertilionidae","Antrozous pallidus","Species of Concern"
"80","Bryce Canyon National Park",35835,37.57,-112.18,"Mammal","Chiroptera","Vespertilionidae","Corynorhinus townsendii","Least Concern"
"81","Bryce Canyon National Park",35835,37.57,-112.18,"Mammal","Chiroptera","Vespertilionidae","Eptesicus fuscus","Species of Concern"
"82","Bryce Canyon National Park",35835,37.57,-112.18,"Mammal","Chiroptera","Vespertilionidae","Euderma maculatum","Species of Concern"
"83","Bryce Canyon National Park",35835,37.57,-112.18,"Mammal","Chiroptera","Vespertilionidae","Idionycteris phyllotis","Species of Concern"
"84","Bryce Canyon National Park",35835,37.57,-112.18,"Mammal","Chiroptera","Vespertilionidae","Lasionycteris noctivagans","Species of Concern"
"85","Bryce Canyon National Park",35835,37.57,-112.18,"Mammal","Chiroptera","Vespertilionidae","Lasiurus cinereus","Least Concern"
"86","Bryce Canyon National Park",35835,37.57,-112.18,"Mammal","Chiroptera","Vespertilionidae","Myotis californicus","Species of Concern"
"87","Bryce Canyon National Park",35835,37.57,-112.18,"Mammal","Chiroptera","Vespertilionidae","Myotis ciliolabrum","Least Concern"
"88","Bryce Canyon National Park",35835,37.57,-112.18,"Mammal","Chiroptera","Vespertilionidae","Myotis evotis","Species of Concern"
"89","Bryce Canyon National Park",35835,37.57,-112.18,"Mammal","Chiroptera","Vespertilionidae","Myotis lucifugus","Species of Concern"
"90","Bryce Canyon National Park",35835,37.57,-112.18,"Mammal","Chiroptera","Vespertilionidae","Myotis thysanodes","Species of Concern"
"91","Bryce Canyon National Park",35835,37.57,-112.18,"Mammal","Chiroptera","Vespertilionidae","Myotis volans","Species of Concern"
"92","Bryce Canyon National Park",35835,37.57,-112.18,"Mammal","Chiroptera","Vespertilionidae","Myotis yumanensis","Species of Concern"
"93","Bryce Canyon National Park",35835,37.57,-112.18,"Mammal","Chiroptera","Vespertilionidae","Pipistrellus hesperus","Species of Concern"
"94","Canyonlands National Park",337598,38.2,-109.93,"Mammal","Chiroptera","Molossidae","Nyctinomops macrotis","Species of Concern"
"95","Canyonlands National Park",337598,38.2,-109.93,"Mammal","Chiroptera","Molossidae","Tadarida brasiliensis","Least Concern"
"96","Canyonlands National Park",337598,38.2,-109.93,"Mammal","Chiroptera","Vespertilionidae","Antrozous pallidus","Species of Concern"
"97","Canyonlands National Park",337598,38.2,-109.93,"Mammal","Chiroptera","Vespertilionidae","Corynorhinus townsendii","Least Concern"
"98","Canyonlands National Park",337598,38.2,-109.93,"Mammal","Chiroptera","Vespertilionidae","Eptesicus fuscus","Species of Concern"
"99","Canyonlands National Park",337598,38.2,-109.93,"Mammal","Chiroptera","Vespertilionidae","Euderma maculatum","Species of Concern"
"100","Canyonlands National Park",337598,38.2,-109.93,"Mammal","Chiroptera","Vespertilionidae","Idionycteris phyllotis","Species of Concern"
"101","Canyonlands National Park",337598,38.2,-109.93,"Mammal","Chiroptera","Vespertilionidae","Lasionycteris noctivagans","Species of Concern"
"102","Canyonlands National Park",337598,38.2,-109.93,"Mammal","Chiroptera","Vespertilionidae","Lasiurus cinereus","Least Concern"
"103","Canyonlands National Park",337598,38.2,-109.93,"Mammal","Chiroptera","Vespertilionidae","Myotis californicus","Species of Concern"
"104","Canyonlands National Park",337598,38.2,-109.93,"Mammal","Chiroptera","Vespertilionidae","Myotis ciliolabrum","Least Concern"
"105","Canyonlands National Park",337598,38.2,-109.93,"Mammal","Chiroptera","Vespertilionidae","Myotis evotis","Species of Concern"
"106","Canyonlands National Park",337598,38.2,-109.93,"Mammal","Chiroptera","Vespertilionidae","Myotis lucifugus","Species of Concern"
"107","Canyonlands National Park",337598,38.2,-109.93,"Mammal","Chiroptera","Vespertilionidae","Myotis thysanodes","Species of Concern"
"108","Canyonlands National Park",337598,38.2,-109.93,"Mammal","Chiroptera","Vespertilionidae","Myotis volans","Species of Concern"
"109","Canyonlands National Park",337598,38.2,-109.93,"Mammal","Chiroptera","Vespertilionidae","Myotis yumanensis","Species of Concern"
"110","Canyonlands National Park",337598,38.2,-109.93,"Mammal","Chiroptera","Vespertilionidae","Pipistrellus hesperus","Species of Concern"
"111","Capitol Reef National Park",241904,38.2,-111.17,"Mammal","Chiroptera","Molossidae","Nyctinomops macrotis","Species of Concern"
"112","Capitol Reef National Park",241904,38.2,-111.17,"Mammal","Chiroptera","Molossidae","Tadarida brasiliensis","Least Concern"
"113","Capitol Reef National Park",241904,38.2,-111.17,"Mammal","Chiroptera","Vespertilionidae","Antrozous pallidus","Species of Concern"
"114","Capitol Reef National Park",241904,38.2,-111.17,"Mammal","Chiroptera","Vespertilionidae","Corynorhinus townsendii","Least Concern"
"115","Capitol Reef National Park",241904,38.2,-111.17,"Mammal","Chiroptera","Vespertilionidae","Eptesicus fuscus","Species of Concern"
"116","Capitol Reef National Park",241904,38.2,-111.17,"Mammal","Chiroptera","Vespertilionidae","Euderma maculatum","Species of Concern"
"117","Capitol Reef National Park",241904,38.2,-111.17,"Mammal","Chiroptera","Vespertilionidae","Idionycteris phyllotis","Species of Concern"
"118","Capitol Reef National Park",241904,38.2,-111.17,"Mammal","Chiroptera","Vespertilionidae","Lasionycteris noctivagans","Species of Concern"
"119","Capitol Reef National Park",241904,38.2,-111.17,"Mammal","Chiroptera","Vespertilionidae","Lasiurus cinereus","Least Concern"
"120","Capitol Reef National Park",241904,38.2,-111.17,"Mammal","Chiroptera","Vespertilionidae","Myotis californicus","Species of Concern"
"121","Capitol Reef National Park",241904,38.2,-111.17,"Mammal","Chiroptera","Vespertilionidae","Myotis ciliolabrum","Least Concern"
"122","Capitol Reef National Park",241904,38.2,-111.17,"Mammal","Chiroptera","Vespertilionidae","Myotis evotis","Species of Concern"
"123","Capitol Reef National Park",241904,38.2,-111.17,"Mammal","Chiroptera","Vespertilionidae","Myotis lucifugus","Species of Concern"
"124","Capitol Reef National Park",241904,38.2,-111.17,"Mammal","Chiroptera","Vespertilionidae","Myotis thysanodes","Species of Concern"
"125","Capitol Reef National Park",241904,38.2,-111.17,"Mammal","Chiroptera","Vespertilionidae","Myotis volans","Species of Concern"
"126","Capitol Reef National Park",241904,38.2,-111.17,"Mammal","Chiroptera","Vespertilionidae","Myotis yumanensis","Species of Concern"
"127","Capitol Reef National Park",241904,38.2,-111.17,"Mammal","Chiroptera","Vespertilionidae","Pipistrellus hesperus","Species of Concern"
"128","Carlsbad Caverns National Park",46766,32.17,-104.44,"Mammal","Chiroptera","Molossidae","Nyctinomops femorosaccus","Species of Concern"
"129","Carlsbad Caverns National Park",46766,32.17,-104.44,"Mammal","Chiroptera","Molossidae","Nyctinomops macrotis","Species of Concern"
"130","Carlsbad Caverns National Park",46766,32.17,-104.44,"Mammal","Chiroptera","Molossidae","Tadarida brasiliensis","Least Concern"
"131","Carlsbad Caverns National Park",46766,32.17,-104.44,"Mammal","Chiroptera","Phyllostomidae","Leptonycteris nivalis","Endangered"
"132","Carlsbad Caverns National Park",46766,32.17,-104.44,"Mammal","Chiroptera","Vespertilionidae","Antrozous pallidus","Species of Concern"
"133","Carlsbad Caverns National Park",46766,32.17,-104.44,"Mammal","Chiroptera","Vespertilionidae","Corynorhinus townsendii","Least Concern"
"134","Carlsbad Caverns National Park",46766,32.17,-104.44,"Mammal","Chiroptera","Vespertilionidae","Eptesicus fuscus","Species of Concern"
"135","Carlsbad Caverns National Park",46766,32.17,-104.44,"Mammal","Chiroptera","Vespertilionidae","Euderma maculatum","Species of Concern"
"136","Carlsbad Caverns National Park",46766,32.17,-104.44,"Mammal","Chiroptera","Vespertilionidae","Lasionycteris noctivagans","Species of Concern"
"137","Carlsbad Caverns National Park",46766,32.17,-104.44,"Mammal","Chiroptera","Vespertilionidae","Lasiurus borealis","Least Concern"
"138","Carlsbad Caverns National Park",46766,32.17,-104.44,"Mammal","Chiroptera","Vespertilionidae","Lasiurus cinereus","Least Concern"
"139","Carlsbad Caverns National Park",46766,32.17,-104.44,"Mammal","Chiroptera","Vespertilionidae","Myotis californicus","Species of Concern"
"140","Carlsbad Caverns National Park",46766,32.17,-104.44,"Mammal","Chiroptera","Vespertilionidae","Myotis ciliolabrum","Least Concern"
"141","Carlsbad Caverns National Park",46766,32.17,-104.44,"Mammal","Chiroptera","Vespertilionidae","Myotis evotis","Species of Concern"
"142","Carlsbad Caverns National Park",46766,32.17,-104.44,"Mammal","Chiroptera","Vespertilionidae","Myotis thysanodes","Species of Concern"
"143","Carlsbad Caverns National Park",46766,32.17,-104.44,"Mammal","Chiroptera","Vespertilionidae","Myotis velifer","Species of Concern"
"144","Carlsbad Caverns National Park",46766,32.17,-104.44,"Mammal","Chiroptera","Vespertilionidae","Myotis volans","Species of Concern"
"145","Carlsbad Caverns National Park",46766,32.17,-104.44,"Mammal","Chiroptera","Vespertilionidae","Myotis yumanensis","Species of Concern"
"146","Carlsbad Caverns National Park",46766,32.17,-104.44,"Mammal","Chiroptera","Vespertilionidae","Pipistrellus hesperus","Species of Concern"
"147","Carlsbad Caverns National Park",46766,32.17,-104.44,"Mammal","Chiroptera","Vespertilionidae","Pipistrellus subflavus","Least Concern"
"148","Channel Islands National Park",249561,34.01,-119.42,"Mammal","Chiroptera","Molossidae","Eumops perotis","Least Concern"
"149","Channel Islands National Park",249561,34.01,-119.42,"Mammal","Chiroptera","Molossidae","Tadarida brasiliensis","Least Concern"
"150","Channel Islands National Park",249561,34.01,-119.42,"Mammal","Chiroptera","Vespertilionidae","Antrozous pallidus","Species of Concern"
"151","Channel Islands National Park",249561,34.01,-119.42,"Mammal","Chiroptera","Vespertilionidae","Eptesicus fuscus","Species of Concern"
"152","Channel Islands National Park",249561,34.01,-119.42,"Mammal","Chiroptera","Vespertilionidae","Lasionycteris noctivagans","Species of Concern"
"153","Channel Islands National Park",249561,34.01,-119.42,"Mammal","Chiroptera","Vespertilionidae","Lasiurus borealis","Least Concern"
"154","Channel Islands National Park",249561,34.01,-119.42,"Mammal","Chiroptera","Vespertilionidae","Lasiurus cinereus","Least Concern"
"155","Channel Islands National Park",249561,34.01,-119.42,"Mammal","Chiroptera","Vespertilionidae","Myotis californicus","Species of Concern"
"156","Channel Islands National Park",249561,34.01,-119.42,"Mammal","Chiroptera","Vespertilionidae","Myotis evotis","Species of Concern"
"157","Channel Islands National Park",249561,34.01,-119.42,"Mammal","Chiroptera","Vespertilionidae","Myotis thysanodes","Species of Concern"
"158","Channel Islands National Park",249561,34.01,-119.42,"Mammal","Chiroptera","Vespertilionidae","Plecotus townsendii townsendii","Species of Concern"
"159","Congaree National Park",26546,33.78,-80.78,"Mammal","Chiroptera","Vespertilionidae","Corynorhinus rafinesquii","Least Concern"
"160","Congaree National Park",26546,33.78,-80.78,"Mammal","Chiroptera","Vespertilionidae","Eptesicus fuscus","Species of Concern"
"161","Congaree National Park",26546,33.78,-80.78,"Mammal","Chiroptera","Vespertilionidae","Lasiurus borealis","Least Concern"
"162","Congaree National Park",26546,33.78,-80.78,"Mammal","Chiroptera","Vespertilionidae","Myotis austroriparius","Species of Concern"
"163","Congaree National Park",26546,33.78,-80.78,"Mammal","Chiroptera","Vespertilionidae","Nycticeius humeralis","Least Concern"
"164","Congaree National Park",26546,33.78,-80.78,"Mammal","Chiroptera","Vespertilionidae","Pipistrellus subflavus","Least Concern"
"165","Crater Lake National Park",183224,42.94,-122.1,"Mammal","Chiroptera","Molossidae","Tadarida brasiliensis","Least Concern"
"166","Crater Lake National Park",183224,42.94,-122.1,"Mammal","Chiroptera","Vespertilionidae","Antrozous pallidus","Species of Concern"
"167","Crater Lake National Park",183224,42.94,-122.1,"Mammal","Chiroptera","Vespertilionidae","Corynorhinus townsendii","Least Concern"
"168","Crater Lake National Park",183224,42.94,-122.1,"Mammal","Chiroptera","Vespertilionidae","Eptesicus fuscus","Species of Concern"
"169","Crater Lake National Park",183224,42.94,-122.1,"Mammal","Chiroptera","Vespertilionidae","Lasionycteris noctivagans","Species of Concern"
"170","Crater Lake National Park",183224,42.94,-122.1,"Mammal","Chiroptera","Vespertilionidae","Lasiurus cinereus","Least Concern"
"171","Crater Lake National Park",183224,42.94,-122.1,"Mammal","Chiroptera","Vespertilionidae","Myotis californicus","Species of Concern"
"172","Crater Lake National Park",183224,42.94,-122.1,"Mammal","Chiroptera","Vespertilionidae","Myotis evotis","Species of Concern"
"173","Crater Lake National Park",183224,42.94,-122.1,"Mammal","Chiroptera","Vespertilionidae","Myotis lucifugus","Species of Concern"
"174","Crater Lake National Park",183224,42.94,-122.1,"Mammal","Chiroptera","Vespertilionidae","Myotis thysanodes","Species of Concern"
"175","Crater Lake National Park",183224,42.94,-122.1,"Mammal","Chiroptera","Vespertilionidae","Myotis volans","Species of Concern"
"176","Crater Lake National Park",183224,42.94,-122.1,"Mammal","Chiroptera","Vespertilionidae","Myotis yumanensis","Species of Concern"
"177","Cuyahoga Valley National Park",32950,41.24,-81.55,"Mammal","Chiroptera","Vespertilionidae","Eptesicus fuscus","Species of Concern"
"178","Cuyahoga Valley National Park",32950,41.24,-81.55,"Mammal","Chiroptera","Vespertilionidae","Lasionycteris noctivagans","Species of Concern"
"179","Cuyahoga Valley National Park",32950,41.24,-81.55,"Mammal","Chiroptera","Vespertilionidae","Lasiurus borealis","Least Concern"
"180","Cuyahoga Valley National Park",32950,41.24,-81.55,"Mammal","Chiroptera","Vespertilionidae","Lasiurus cinereus","Least Concern"
"181","Cuyahoga Valley National Park",32950,41.24,-81.55,"Mammal","Chiroptera","Vespertilionidae","Myotis leibii","Species of Concern"
"182","Cuyahoga Valley National Park",32950,41.24,-81.55,"Mammal","Chiroptera","Vespertilionidae","Myotis lucifugus","Species of Concern"
"183","Cuyahoga Valley National Park",32950,41.24,-81.55,"Mammal","Chiroptera","Vespertilionidae","Myotis septentrionalis","Threatened"
"184","Cuyahoga Valley National Park",32950,41.24,-81.55,"Mammal","Chiroptera","Vespertilionidae","Myotis sodalis","Endangered"
"185","Cuyahoga Valley National Park",32950,41.24,-81.55,"Mammal","Chiroptera","Vespertilionidae","Nycticeius humeralis","Least Concern"
"186","Cuyahoga Valley National Park",32950,41.24,-81.55,"Mammal","Chiroptera","Vespertilionidae","Perimyotis subflavus","Least Concern"
"187","Denali National Park and Preserve",3372402,63.33,-150.5,"Mammal","Chiroptera","Vespertilionidae","Myotis lucifugus","Species of Concern"
"188","Death Valley National Park",4740912,36.24,-116.82,"Mammal","Chiroptera","Molossidae","Eumops","Least Concern"
"189","Death Valley National Park",4740912,36.24,-116.82,"Mammal","Chiroptera","Molossidae","Eumops perotis","Least Concern"
"190","Death Valley National Park",4740912,36.24,-116.82,"Mammal","Chiroptera","Molossidae","Nyctinomops macrotis","Species of Concern"
"191","Death Valley National Park",4740912,36.24,-116.82,"Mammal","Chiroptera","Molossidae","Tadarida","Least Concern"
"192","Death Valley National Park",4740912,36.24,-116.82,"Mammal","Chiroptera","Molossidae","Tadarida brasiliensis","Least Concern"
"193","Death Valley National Park",4740912,36.24,-116.82,"Mammal","Chiroptera","Phyllostomidae","Macrotus californicus","Species of Concern"
"194","Death Valley National Park",4740912,36.24,-116.82,"Mammal","Chiroptera","Vespertilionidae","Antrozous","Least Concern"
"195","Death Valley National Park",4740912,36.24,-116.82,"Mammal","Chiroptera","Vespertilionidae","Antrozous pallidus","Species of Concern"
"196","Death Valley National Park",4740912,36.24,-116.82,"Mammal","Chiroptera","Vespertilionidae","Corynorhinus","Least Concern"
"197","Death Valley National Park",4740912,36.24,-116.82,"Mammal","Chiroptera","Vespertilionidae","Corynorhinus townsendii","Least Concern"
"198","Death Valley National Park",4740912,36.24,-116.82,"Mammal","Chiroptera","Vespertilionidae","Eptesicus fuscus","Species of Concern"
"199","Death Valley National Park",4740912,36.24,-116.82,"Mammal","Chiroptera","Vespertilionidae","Euderma maculatum","Species of Concern"
"200","Death Valley National Park",4740912,36.24,-116.82,"Mammal","Chiroptera","Vespertilionidae","Idionycteris phyllotis","Species of Concern"
"201","Death Valley National Park",4740912,36.24,-116.82,"Mammal","Chiroptera","Vespertilionidae","Lasionycteris","Least Concern"
"202","Death Valley National Park",4740912,36.24,-116.82,"Mammal","Chiroptera","Vespertilionidae","Lasionycteris noctivagans","Species of Concern"
"203","Death Valley National Park",4740912,36.24,-116.82,"Mammal","Chiroptera","Vespertilionidae","Lasiurus blossevillii","Species of Concern"
"204","Death Valley National Park",4740912,36.24,-116.82,"Mammal","Chiroptera","Vespertilionidae","Lasiurus cinereus","Least Concern"
"205","Death Valley National Park",4740912,36.24,-116.82,"Mammal","Chiroptera","Vespertilionidae","Myotis californicus","Species of Concern"
"206","Death Valley National Park",4740912,36.24,-116.82,"Mammal","Chiroptera","Vespertilionidae","Myotis ciliolabrum","Least Concern"
"207","Death Valley National Park",4740912,36.24,-116.82,"Mammal","Chiroptera","Vespertilionidae","Myotis evotis","Species of Concern"
"208","Death Valley National Park",4740912,36.24,-116.82,"Mammal","Chiroptera","Vespertilionidae","Myotis lucifugus","Species of Concern"
"209","Death Valley National Park",4740912,36.24,-116.82,"Mammal","Chiroptera","Vespertilionidae","Myotis thysanodes","Species of Concern"
"210","Death Valley National Park",4740912,36.24,-116.82,"Mammal","Chiroptera","Vespertilionidae","Myotis volans","Species of Concern"
"211","Death Valley National Park",4740912,36.24,-116.82,"Mammal","Chiroptera","Vespertilionidae","Myotis yumanensis","Species of Concern"
"212","Death Valley National Park",4740912,36.24,-116.82,"Mammal","Chiroptera","Vespertilionidae","Myotis yumanensis yumanensis","Least Concern"
"213","Death Valley National Park",4740912,36.24,-116.82,"Mammal","Chiroptera","Vespertilionidae","Pipistrellus","Least Concern"
"214","Death Valley National Park",4740912,36.24,-116.82,"Mammal","Chiroptera","Vespertilionidae","Pipistrellus hesperus","Species of Concern"
"215","Everglades National Park",1508538,25.32,-80.93,"Mammal","Chiroptera","Molossidae","Eumops glaucinus","Least Concern"
"216","Everglades National Park",1508538,25.32,-80.93,"Mammal","Chiroptera","Molossidae","Tadarida brasiliensis","Least Concern"
"217","Everglades National Park",1508538,25.32,-80.93,"Mammal","Chiroptera","Vespertilionidae","Lasiurus intermedius","Least Concern"
"218","Everglades National Park",1508538,25.32,-80.93,"Mammal","Chiroptera","Vespertilionidae","Lasiurus seminolus","Least Concern"
"219","Everglades National Park",1508538,25.32,-80.93,"Mammal","Chiroptera","Vespertilionidae","Nycticeius humeralis","Least Concern"
"220","Everglades National Park",1508538,25.32,-80.93,"Mammal","Chiroptera","Vespertilionidae","Pipistrellus subflavus","Least Concern"
"221","Glacier National Park",1013572,48.8,-114,"Mammal","Chiroptera","Vespertilionidae","Eptesicus fuscus","Species of Concern"
"222","Glacier National Park",1013572,48.8,-114,"Mammal","Chiroptera","Vespertilionidae","Lasionycteris noctivagans","Species of Concern"
"223","Glacier National Park",1013572,48.8,-114,"Mammal","Chiroptera","Vespertilionidae","Lasiurus cinereus","Least Concern"
"224","Glacier National Park",1013572,48.8,-114,"Mammal","Chiroptera","Vespertilionidae","Myotis californicus","Species of Concern"
"225","Glacier National Park",1013572,48.8,-114,"Mammal","Chiroptera","Vespertilionidae","Myotis evotis","Species of Concern"
"226","Glacier National Park",1013572,48.8,-114,"Mammal","Chiroptera","Vespertilionidae","Myotis lucifugus","Species of Concern"
"227","Glacier National Park",1013572,48.8,-114,"Mammal","Chiroptera","Vespertilionidae","Myotis volans","Species of Concern"
"228","Glacier Bay National Park and Preserve",3224840,58.5,-137,"Mammal","Chiroptera","Vespertilionidae","Myotis lucifugus","Species of Concern"
"229","Great Basin National Park",77180,38.98,-114.3,"Mammal","Chiroptera","Molossidae","Nyctinomops macrotis","Species of Concern"
"230","Great Basin National Park",77180,38.98,-114.3,"Mammal","Chiroptera","Molossidae","Tadarida brasiliensis","Least Concern"
"231","Great Basin National Park",77180,38.98,-114.3,"Mammal","Chiroptera","Molossidae","Tadarida molossa","Least Concern"
"232","Great Basin National Park",77180,38.98,-114.3,"Mammal","Chiroptera","Nycteridae","Nycteris cinerea cinerea","Least Concern"
"233","Great Basin National Park",77180,38.98,-114.3,"Mammal","Chiroptera","Vespertilionidae","Antrozous pallidus","Species of Concern"
"234","Great Basin National Park",77180,38.98,-114.3,"Mammal","Chiroptera","Vespertilionidae","Corynorhinus townsendii","Least Concern"
"235","Great Basin National Park",77180,38.98,-114.3,"Mammal","Chiroptera","Vespertilionidae","Eptesicus fuscus","Species of Concern"
"236","Great Basin National Park",77180,38.98,-114.3,"Mammal","Chiroptera","Vespertilionidae","Euderma maculatum","Species of Concern"
"237","Great Basin National Park",77180,38.98,-114.3,"Mammal","Chiroptera","Vespertilionidae","Lasionycteris noctivagans","Species of Concern"
"238","Great Basin National Park",77180,38.98,-114.3,"Mammal","Chiroptera","Vespertilionidae","Lasiurus borealis","Least Concern"
"239","Great Basin National Park",77180,38.98,-114.3,"Mammal","Chiroptera","Vespertilionidae","Lasiurus cinereus","Least Concern"
"240","Great Basin National Park",77180,38.98,-114.3,"Mammal","Chiroptera","Vespertilionidae","Myotis californicus","Species of Concern"
"241","Great Basin National Park",77180,38.98,-114.3,"Mammal","Chiroptera","Vespertilionidae","Myotis ciliolabrum","Least Concern"
"242","Great Basin National Park",77180,38.98,-114.3,"Mammal","Chiroptera","Vespertilionidae","Myotis evotis","Species of Concern"
"243","Great Basin National Park",77180,38.98,-114.3,"Mammal","Chiroptera","Vespertilionidae","Myotis leibii","Species of Concern"
"244","Great Basin National Park",77180,38.98,-114.3,"Mammal","Chiroptera","Vespertilionidae","Myotis lucifugus","Species of Concern"
"245","Great Basin National Park",77180,38.98,-114.3,"Mammal","Chiroptera","Vespertilionidae","Myotis subulatus melanorhinus","Least Concern"
"246","Great Basin National Park",77180,38.98,-114.3,"Mammal","Chiroptera","Vespertilionidae","Myotis thysanodes","Species of Concern"
"247","Great Basin National Park",77180,38.98,-114.3,"Mammal","Chiroptera","Vespertilionidae","Myotis volans","Species of Concern"
"248","Great Basin National Park",77180,38.98,-114.3,"Mammal","Chiroptera","Vespertilionidae","Myotis yumanensis","Species of Concern"
"249","Great Basin National Park",77180,38.98,-114.3,"Mammal","Chiroptera","Vespertilionidae","Pipistrellus hesperus","Species of Concern"
"250","Grand Canyon National Park",1217403,36.06,-112.14,"Mammal","Chiroptera","Molossidae","Eumops perotis","Least Concern"
"251","Grand Canyon National Park",1217403,36.06,-112.14,"Mammal","Chiroptera","Molossidae","Eumops perotis californicus","Species of Concern"
"252","Grand Canyon National Park",1217403,36.06,-112.14,"Mammal","Chiroptera","Molossidae","Nyctinomops femorosaccus","Species of Concern"
"253","Grand Canyon National Park",1217403,36.06,-112.14,"Mammal","Chiroptera","Molossidae","Nyctinomops macrotis","Species of Concern"
"254","Grand Canyon National Park",1217403,36.06,-112.14,"Mammal","Chiroptera","Molossidae","Tadarida brasiliensis","Least Concern"
"255","Grand Canyon National Park",1217403,36.06,-112.14,"Mammal","Chiroptera","Phyllostomidae","Choeronycteris mexicana","Species of Concern"
"256","Grand Canyon National Park",1217403,36.06,-112.14,"Mammal","Chiroptera","Vespertilionidae","Antrozous pallidus","Species of Concern"
"257","Grand Canyon National Park",1217403,36.06,-112.14,"Mammal","Chiroptera","Vespertilionidae","Corynorhinus townsendii","Least Concern"
"258","Grand Canyon National Park",1217403,36.06,-112.14,"Mammal","Chiroptera","Vespertilionidae","Eptesicus fuscus","Species of Concern"
"259","Grand Canyon National Park",1217403,36.06,-112.14,"Mammal","Chiroptera","Vespertilionidae","Euderma maculatum","Species of Concern"
"260","Grand Canyon National Park",1217403,36.06,-112.14,"Mammal","Chiroptera","Vespertilionidae","Idionycteris phyllotis","Species of Concern"
"261","Grand Canyon National Park",1217403,36.06,-112.14,"Mammal","Chiroptera","Vespertilionidae","Lasionycteris noctivagans","Species of Concern"
"262","Grand Canyon National Park",1217403,36.06,-112.14,"Mammal","Chiroptera","Vespertilionidae","Lasiurus blossevillii","Species of Concern"
"263","Grand Canyon National Park",1217403,36.06,-112.14,"Mammal","Chiroptera","Vespertilionidae","Lasiurus borealis","Least Concern"
"264","Grand Canyon National Park",1217403,36.06,-112.14,"Mammal","Chiroptera","Vespertilionidae","Lasiurus cinereus","Least Concern"
"265","Grand Canyon National Park",1217403,36.06,-112.14,"Mammal","Chiroptera","Vespertilionidae","Myotis auriculus","Least Concern"
"266","Grand Canyon National Park",1217403,36.06,-112.14,"Mammal","Chiroptera","Vespertilionidae","Myotis californicus","Species of Concern"
"267","Grand Canyon National Park",1217403,36.06,-112.14,"Mammal","Chiroptera","Vespertilionidae","Myotis evotis","Species of Concern"
"268","Grand Canyon National Park",1217403,36.06,-112.14,"Mammal","Chiroptera","Vespertilionidae","Myotis leibii","Species of Concern"
"269","Grand Canyon National Park",1217403,36.06,-112.14,"Mammal","Chiroptera","Vespertilionidae","Myotis lucifugus","Species of Concern"
"270","Grand Canyon National Park",1217403,36.06,-112.14,"Mammal","Chiroptera","Vespertilionidae","Myotis occultus","Least Concern"
"271","Grand Canyon National Park",1217403,36.06,-112.14,"Mammal","Chiroptera","Vespertilionidae","Myotis thysanodes","Species of Concern"
"272","Grand Canyon National Park",1217403,36.06,-112.14,"Mammal","Chiroptera","Vespertilionidae","Myotis volans","Species of Concern"
"273","Grand Canyon National Park",1217403,36.06,-112.14,"Mammal","Chiroptera","Vespertilionidae","Myotis yumanensis","Species of Concern"
"274","Grand Canyon National Park",1217403,36.06,-112.14,"Mammal","Chiroptera","Vespertilionidae","Pipistrellus hesperus","Species of Concern"
"275","Great Sand Dunes National Park and Preserve",42984,37.73,-105.51,"Mammal","Chiroptera","Molossidae","Tadarida brasiliensis","Least Concern"
"276","Great Sand Dunes National Park and Preserve",42984,37.73,-105.51,"Mammal","Chiroptera","Vespertilionidae","Corynorhinus townsendii","Least Concern"
"277","Great Sand Dunes National Park and Preserve",42984,37.73,-105.51,"Mammal","Chiroptera","Vespertilionidae","Eptesicus fuscus","Species of Concern"
"278","Great Sand Dunes National Park and Preserve",42984,37.73,-105.51,"Mammal","Chiroptera","Vespertilionidae","Lasionycteris noctivagans","Species of Concern"
"279","Great Sand Dunes National Park and Preserve",42984,37.73,-105.51,"Mammal","Chiroptera","Vespertilionidae","Lasiurus cinereus","Least Concern"
"280","Great Sand Dunes National Park and Preserve",42984,37.73,-105.51,"Mammal","Chiroptera","Vespertilionidae","Myotis ciliolabrum","Least Concern"
"281","Great Sand Dunes National Park and Preserve",42984,37.73,-105.51,"Mammal","Chiroptera","Vespertilionidae","Myotis evotis","Species of Concern"
"282","Great Sand Dunes National Park and Preserve",42984,37.73,-105.51,"Mammal","Chiroptera","Vespertilionidae","Myotis lucifugus","Species of Concern"
"283","Great Sand Dunes National Park and Preserve",42984,37.73,-105.51,"Mammal","Chiroptera","Vespertilionidae","Myotis occultus","Least Concern"
"284","Great Sand Dunes National Park and Preserve",42984,37.73,-105.51,"Mammal","Chiroptera","Vespertilionidae","Myotis volans","Species of Concern"
"285","Great Smoky Mountains National Park",521490,35.68,-83.53,"Mammal","Chiroptera","Vespertilionidae","Corynorhinus rafinesquii","Least Concern"
"286","Great Smoky Mountains National Park",521490,35.68,-83.53,"Mammal","Chiroptera","Vespertilionidae","Corynorhinus rafinesquii rafinesquii","Least Concern"
"287","Great Smoky Mountains National Park",521490,35.68,-83.53,"Mammal","Chiroptera","Vespertilionidae","Eptesicus fuscus","Species of Concern"
"288","Great Smoky Mountains National Park",521490,35.68,-83.53,"Mammal","Chiroptera","Vespertilionidae","Lasionycteris noctivagans","Species of Concern"
"289","Great Smoky Mountains National Park",521490,35.68,-83.53,"Mammal","Chiroptera","Vespertilionidae","Lasiurus borealis","Least Concern"
"290","Great Smoky Mountains National Park",521490,35.68,-83.53,"Mammal","Chiroptera","Vespertilionidae","Lasiurus cinereus","Least Concern"
"291","Great Smoky Mountains National Park",521490,35.68,-83.53,"Mammal","Chiroptera","Vespertilionidae","Myotis austroriparius","Species of Concern"
"292","Great Smoky Mountains National Park",521490,35.68,-83.53,"Mammal","Chiroptera","Vespertilionidae","Myotis grisescens","Endangered"
"293","Great Smoky Mountains National Park",521490,35.68,-83.53,"Mammal","Chiroptera","Vespertilionidae","Myotis keenii","Species of Concern"
"294","Great Smoky Mountains National Park",521490,35.68,-83.53,"Mammal","Chiroptera","Vespertilionidae","Myotis leibii","Species of Concern"
"295","Great Smoky Mountains National Park",521490,35.68,-83.53,"Mammal","Chiroptera","Vespertilionidae","Myotis lucifugus","Species of Concern"
"296","Great Smoky Mountains National Park",521490,35.68,-83.53,"Mammal","Chiroptera","Vespertilionidae","Myotis septentrionalis","Threatened"
"297","Great Smoky Mountains National Park",521490,35.68,-83.53,"Mammal","Chiroptera","Vespertilionidae","Myotis sodalis","Endangered"
"298","Great Smoky Mountains National Park",521490,35.68,-83.53,"Mammal","Chiroptera","Vespertilionidae","Nycticeius humeralis","Least Concern"
"299","Great Smoky Mountains National Park",521490,35.68,-83.53,"Mammal","Chiroptera","Vespertilionidae","Pipistrellus subflavus","Least Concern"
"300","Grand Teton National Park",309995,43.73,-110.8,"Mammal","Chiroptera","Vespertilionidae","Corynorhinus townsendii","Least Concern"
"301","Grand Teton National Park",309995,43.73,-110.8,"Mammal","Chiroptera","Vespertilionidae","Eptesicus fuscus","Species of Concern"
"302","Grand Teton National Park",309995,43.73,-110.8,"Mammal","Chiroptera","Vespertilionidae","Lasionycteris noctivagans","Species of Concern"
"303","Grand Teton National Park",309995,43.73,-110.8,"Mammal","Chiroptera","Vespertilionidae","Lasiurus cinereus","Least Concern"
"304","Grand Teton National Park",309995,43.73,-110.8,"Mammal","Chiroptera","Vespertilionidae","Myotis californicus","Species of Concern"
"305","Grand Teton National Park",309995,43.73,-110.8,"Mammal","Chiroptera","Vespertilionidae","Myotis ciliolabrum","Least Concern"
"306","Grand Teton National Park",309995,43.73,-110.8,"Mammal","Chiroptera","Vespertilionidae","Myotis evotis","Species of Concern"
"307","Grand Teton National Park",309995,43.73,-110.8,"Mammal","Chiroptera","Vespertilionidae","Myotis lucifugus","Species of Concern"
"308","Grand Teton National Park",309995,43.73,-110.8,"Mammal","Chiroptera","Vespertilionidae","Myotis thysanodes","Species of Concern"
"309","Grand Teton National Park",309995,43.73,-110.8,"Mammal","Chiroptera","Vespertilionidae","Myotis volans","Species of Concern"
"310","Grand Teton National Park",309995,43.73,-110.8,"Mammal","Chiroptera","Vespertilionidae","Myotis yumanensis","Species of Concern"
"311","Guadalupe Mountains National Park",86416,31.92,-104.87,"Mammal","Chiroptera","Molossidae","Nyctinomops macrotis","Species of Concern"
"312","Guadalupe Mountains National Park",86416,31.92,-104.87,"Mammal","Chiroptera","Molossidae","Tadarida brasiliensis","Least Concern"
"313","Guadalupe Mountains National Park",86416,31.92,-104.87,"Mammal","Chiroptera","Vespertilionidae","Antrozous pallidus","Species of Concern"
"314","Guadalupe Mountains National Park",86416,31.92,-104.87,"Mammal","Chiroptera","Vespertilionidae","Corynorhinus townsendii","Least Concern"
"315","Guadalupe Mountains National Park",86416,31.92,-104.87,"Mammal","Chiroptera","Vespertilionidae","Eptesicus fuscus","Species of Concern"
"316","Guadalupe Mountains National Park",86416,31.92,-104.87,"Mammal","Chiroptera","Vespertilionidae","Lasionycteris noctivagans","Species of Concern"
"317","Guadalupe Mountains National Park",86416,31.92,-104.87,"Mammal","Chiroptera","Vespertilionidae","Lasiurus cinereus","Least Concern"
"318","Guadalupe Mountains National Park",86416,31.92,-104.87,"Mammal","Chiroptera","Vespertilionidae","Myotis californicus","Species of Concern"
"319","Guadalupe Mountains National Park",86416,31.92,-104.87,"Mammal","Chiroptera","Vespertilionidae","Myotis ciliolabrum","Least Concern"
"320","Guadalupe Mountains National Park",86416,31.92,-104.87,"Mammal","Chiroptera","Vespertilionidae","Myotis thysanodes","Species of Concern"
"321","Guadalupe Mountains National Park",86416,31.92,-104.87,"Mammal","Chiroptera","Vespertilionidae","Myotis velifer","Species of Concern"
"322","Guadalupe Mountains National Park",86416,31.92,-104.87,"Mammal","Chiroptera","Vespertilionidae","Myotis volans","Species of Concern"
"323","Guadalupe Mountains National Park",86416,31.92,-104.87,"Mammal","Chiroptera","Vespertilionidae","Pipistrellus hesperus","Species of Concern"
"324","Haleakala National Park",29094,20.72,-156.17,"Mammal","Chiroptera","Vespertilionidae","Lasiurus cinereus semotus","Endangered"
"325","Hawaii Volcanoes National Park",323431,19.38,-155.2,"Mammal","Chiroptera","Vespertilionidae","Lasiurus cinereus semotus","Endangered"
"326","Hot Springs National Park",5550,34.51,-93.05,"Mammal","Chiroptera","Molossidae","Tadarida brasiliensis","Least Concern"
"327","Hot Springs National Park",5550,34.51,-93.05,"Mammal","Chiroptera","Vespertilionidae","Eptesicus fuscus","Species of Concern"
"328","Hot Springs National Park",5550,34.51,-93.05,"Mammal","Chiroptera","Vespertilionidae","Lasionycteris noctivagans","Species of Concern"
"329","Hot Springs National Park",5550,34.51,-93.05,"Mammal","Chiroptera","Vespertilionidae","Lasiurus borealis","Least Concern"
"330","Hot Springs National Park",5550,34.51,-93.05,"Mammal","Chiroptera","Vespertilionidae","Lasiurus cinereus","Least Concern"
"331","Hot Springs National Park",5550,34.51,-93.05,"Mammal","Chiroptera","Vespertilionidae","Myotis austroriparius","Species of Concern"
"332","Hot Springs National Park",5550,34.51,-93.05,"Mammal","Chiroptera","Vespertilionidae","Myotis lucifugus","Species of Concern"
"333","Hot Springs National Park",5550,34.51,-93.05,"Mammal","Chiroptera","Vespertilionidae","Myotis septentrionalis","Threatened"
"334","Hot Springs National Park",5550,34.51,-93.05,"Mammal","Chiroptera","Vespertilionidae","Nycticeius humeralis","Least Concern"
"335","Hot Springs National Park",5550,34.51,-93.05,"Mammal","Chiroptera","Vespertilionidae","Pipistrellus subflavus","Least Concern"
"336","Isle Royale National Park",571790,48.1,-88.55,"Mammal","Chiroptera","Vespertilionidae","Eptesicus fuscus","Species of Concern"
"337","Isle Royale National Park",571790,48.1,-88.55,"Mammal","Chiroptera","Vespertilionidae","Lasionycteris noctivagans","Species of Concern"
"338","Isle Royale National Park",571790,48.1,-88.55,"Mammal","Chiroptera","Vespertilionidae","Lasiurus borealis","Least Concern"
"339","Isle Royale National Park",571790,48.1,-88.55,"Mammal","Chiroptera","Vespertilionidae","Lasiurus cinereus","Least Concern"
"340","Isle Royale National Park",571790,48.1,-88.55,"Mammal","Chiroptera","Vespertilionidae","Myotis lucifugus","Species of Concern"
"341","Isle Royale National Park",571790,48.1,-88.55,"Mammal","Chiroptera","Vespertilionidae","Myotis septentrionalis","Threatened"
"342","Joshua Tree National Park",789745,33.79,-115.9,"Mammal","Chiroptera","Molossidae","Eumops perotis","Least Concern"
"343","Joshua Tree National Park",789745,33.79,-115.9,"Mammal","Chiroptera","Phyllostomidae","Macrotus californicus","Species of Concern"
"344","Joshua Tree National Park",789745,33.79,-115.9,"Mammal","Chiroptera","Vespertilionidae","Antrozous pallidus","Species of Concern"
"345","Joshua Tree National Park",789745,33.79,-115.9,"Mammal","Chiroptera","Vespertilionidae","Corynorhinus townsendii","Least Concern"
"346","Joshua Tree National Park",789745,33.79,-115.9,"Mammal","Chiroptera","Vespertilionidae","Eptesicus fuscus","Species of Concern"
"347","Joshua Tree National Park",789745,33.79,-115.9,"Mammal","Chiroptera","Vespertilionidae","Euderma maculatum","Species of Concern"
"348","Joshua Tree National Park",789745,33.79,-115.9,"Mammal","Chiroptera","Vespertilionidae","Lasiurus cinereus","Least Concern"
"349","Joshua Tree National Park",789745,33.79,-115.9,"Mammal","Chiroptera","Vespertilionidae","Lasiurus xanthinus","Least Concern"
"350","Joshua Tree National Park",789745,33.79,-115.9,"Mammal","Chiroptera","Vespertilionidae","Myotis californicus","Species of Concern"
"351","Joshua Tree National Park",789745,33.79,-115.9,"Mammal","Chiroptera","Vespertilionidae","Myotis thysanodes","Species of Concern"
"352","Joshua Tree National Park",789745,33.79,-115.9,"Mammal","Chiroptera","Vespertilionidae","Myotis volans","Species of Concern"
"353","Joshua Tree National Park",789745,33.79,-115.9,"Mammal","Chiroptera","Vespertilionidae","Pipistrellus hesperus","Species of Concern"
"354","Katmai National Park and Preserve",3674530,58.5,-155,"Mammal","Chiroptera","Vespertilionidae","Myotis lucifugus","Species of Concern"
"355","Kenai Fjords National Park",669983,59.92,-149.65,"Mammal","Chiroptera","Vespertilionidae","Myotis californicus","Species of Concern"
"356","Kenai Fjords National Park",669983,59.92,-149.65,"Mammal","Chiroptera","Vespertilionidae","Myotis lucifugus","Species of Concern"
"357","Lake Clark National Park and Preserve",2619733,60.97,-153.42,"Mammal","Chiroptera","Vespertilionidae","Myotis lucifugus","Species of Concern"
"358","Lassen Volcanic National Park",106372,40.49,-121.51,"Mammal","Chiroptera","Vespertilionidae","Eptesicus fuscus bernardinus","Least Concern"
"359","Lassen Volcanic National Park",106372,40.49,-121.51,"Mammal","Chiroptera","Vespertilionidae","Lasionycteris noctivagans","Species of Concern"
"360","Lassen Volcanic National Park",106372,40.49,-121.51,"Mammal","Chiroptera","Vespertilionidae","Lasiurus cinereus","Least Concern"
"361","Lassen Volcanic National Park",106372,40.49,-121.51,"Mammal","Chiroptera","Vespertilionidae","Myotis californicus californicus","Least Concern"
"362","Lassen Volcanic National Park",106372,40.49,-121.51,"Mammal","Chiroptera","Vespertilionidae","Myotis evotis","Species of Concern"
"363","Lassen Volcanic National Park",106372,40.49,-121.51,"Mammal","Chiroptera","Vespertilionidae","Myotis lucifugus carissima","Least Concern"
"364","Lassen Volcanic National Park",106372,40.49,-121.51,"Mammal","Chiroptera","Vespertilionidae","Myotis thysanodes","Species of Concern"
"365","Lassen Volcanic National Park",106372,40.49,-121.51,"Mammal","Chiroptera","Vespertilionidae","Myotis volans interior","Least Concern"
"366","Lassen Volcanic National Park",106372,40.49,-121.51,"Mammal","Chiroptera","Vespertilionidae","Myotis yumanensis","Species of Concern"
"367","Lassen Volcanic National Park",106372,40.49,-121.51,"Mammal","Chiroptera","Vespertilionidae","Plecotus townsendii","Least Concern"
"368","Mammoth Cave National Park",52830,37.18,-86.1,"Mammal","Chiroptera","Molossidae","Tadarida brasiliensis","Least Concern"
"369","Mammoth Cave National Park",52830,37.18,-86.1,"Mammal","Chiroptera","Vespertilionidae","Corynorhinus rafinesquii","Least Concern"
"370","Mammoth Cave National Park",52830,37.18,-86.1,"Mammal","Chiroptera","Vespertilionidae","Eptesicus fuscus","Species of Concern"
"371","Mammoth Cave National Park",52830,37.18,-86.1,"Mammal","Chiroptera","Vespertilionidae","Lasionycteris noctivagans","Species of Concern"
"372","Mammoth Cave National Park",52830,37.18,-86.1,"Mammal","Chiroptera","Vespertilionidae","Lasiurus borealis","Least Concern"
"373","Mammoth Cave National Park",52830,37.18,-86.1,"Mammal","Chiroptera","Vespertilionidae","Lasiurus cinereus","Least Concern"
"374","Mammoth Cave National Park",52830,37.18,-86.1,"Mammal","Chiroptera","Vespertilionidae","Lasiurus seminolus","Least Concern"
"375","Mammoth Cave National Park",52830,37.18,-86.1,"Mammal","Chiroptera","Vespertilionidae","Myotis austroriparius","Species of Concern"
"376","Mammoth Cave National Park",52830,37.18,-86.1,"Mammal","Chiroptera","Vespertilionidae","Myotis evotis","Species of Concern"
"377","Mammoth Cave National Park",52830,37.18,-86.1,"Mammal","Chiroptera","Vespertilionidae","Myotis grisescens","Endangered"
"378","Mammoth Cave National Park",52830,37.18,-86.1,"Mammal","Chiroptera","Vespertilionidae","Myotis leibii","Species of Concern"
"379","Mammoth Cave National Park",52830,37.18,-86.1,"Mammal","Chiroptera","Vespertilionidae","Myotis lucifugus","Species of Concern"
"380","Mammoth Cave National Park",52830,37.18,-86.1,"Mammal","Chiroptera","Vespertilionidae","Myotis septentrionalis","Threatened"
"381","Mammoth Cave National Park",52830,37.18,-86.1,"Mammal","Chiroptera","Vespertilionidae","Myotis sodalis","Endangered"
"382","Mammoth Cave National Park",52830,37.18,-86.1,"Mammal","Chiroptera","Vespertilionidae","Nycticeius humeralis","Least Concern"
"383","Mammoth Cave National Park",52830,37.18,-86.1,"Mammal","Chiroptera","Vespertilionidae","Perimyotis subflavus","Least Concern"
"384","Mesa Verde National Park",52122,37.18,-108.49,"Mammal","Chiroptera","Molossidae","Nyctinomops macrotis","Species of Concern"
"385","Mesa Verde National Park",52122,37.18,-108.49,"Mammal","Chiroptera","Molossidae","Tadarida brasiliensis","Least Concern"
"386","Mesa Verde National Park",52122,37.18,-108.49,"Mammal","Chiroptera","Vespertilionidae","Antrozous pallidus","Species of Concern"
"387","Mesa Verde National Park",52122,37.18,-108.49,"Mammal","Chiroptera","Vespertilionidae","Corynorhinus townsendii","Least Concern"
"388","Mesa Verde National Park",52122,37.18,-108.49,"Mammal","Chiroptera","Vespertilionidae","Eptesicus fuscus","Species of Concern"
"389","Mesa Verde National Park",52122,37.18,-108.49,"Mammal","Chiroptera","Vespertilionidae","Euderma maculatum","Species of Concern"
"390","Mesa Verde National Park",52122,37.18,-108.49,"Mammal","Chiroptera","Vespertilionidae","Idionycteris phyllotis","Species of Concern"
"391","Mesa Verde National Park",52122,37.18,-108.49,"Mammal","Chiroptera","Vespertilionidae","Lasionycteris noctivagans","Species of Concern"
"392","Mesa Verde National Park",52122,37.18,-108.49,"Mammal","Chiroptera","Vespertilionidae","Lasiurus cinereus","Least Concern"
"393","Mesa Verde National Park",52122,37.18,-108.49,"Mammal","Chiroptera","Vespertilionidae","Myotis californicus","Species of Concern"
"394","Mesa Verde National Park",52122,37.18,-108.49,"Mammal","Chiroptera","Vespertilionidae","Myotis ciliolabrum","Least Concern"
"395","Mesa Verde National Park",52122,37.18,-108.49,"Mammal","Chiroptera","Vespertilionidae","Myotis evotis","Species of Concern"
"396","Mesa Verde National Park",52122,37.18,-108.49,"Mammal","Chiroptera","Vespertilionidae","Myotis lucifugus","Species of Concern"
"397","Mesa Verde National Park",52122,37.18,-108.49,"Mammal","Chiroptera","Vespertilionidae","Myotis thysanodes","Species of Concern"
"398","Mesa Verde National Park",52122,37.18,-108.49,"Mammal","Chiroptera","Vespertilionidae","Myotis volans","Species of Concern"
"399","Mesa Verde National Park",52122,37.18,-108.49,"Mammal","Chiroptera","Vespertilionidae","Myotis yumanensis","Species of Concern"
"400","Mesa Verde National Park",52122,37.18,-108.49,"Mammal","Chiroptera","Vespertilionidae","Pipistrellus hesperus","Species of Concern"
"401","Mount Rainier National Park",235625,46.85,-121.75,"Mammal","Chiroptera","Vespertilionidae","Eptesicus fuscus","Species of Concern"
"402","Mount Rainier National Park",235625,46.85,-121.75,"Mammal","Chiroptera","Vespertilionidae","Lasionycteris noctivagans","Species of Concern"
"403","Mount Rainier National Park",235625,46.85,-121.75,"Mammal","Chiroptera","Vespertilionidae","Lasiurus cinereus","Least Concern"
"404","Mount Rainier National Park",235625,46.85,-121.75,"Mammal","Chiroptera","Vespertilionidae","Myotis californicus","Species of Concern"
"405","Mount Rainier National Park",235625,46.85,-121.75,"Mammal","Chiroptera","Vespertilionidae","Myotis evotis","Species of Concern"
"406","Mount Rainier National Park",235625,46.85,-121.75,"Mammal","Chiroptera","Vespertilionidae","Myotis lucifugus","Species of Concern"
"407","Mount Rainier National Park",235625,46.85,-121.75,"Mammal","Chiroptera","Vespertilionidae","Myotis volans","Species of Concern"
"408","Mount Rainier National Park",235625,46.85,-121.75,"Mammal","Chiroptera","Vespertilionidae","Myotis yumanensis","Species of Concern"
"409","Mount Rainier National Park",235625,46.85,-121.75,"Mammal","Chiroptera","Vespertilionidae","Plecotus townsendii","Least Concern"
"410","North Cascades National Park",504781,48.7,-121.2,"Mammal","Chiroptera","Vespertilionidae","Corynorhinus townsendii","Least Concern"
"411","North Cascades National Park",504781,48.7,-121.2,"Mammal","Chiroptera","Vespertilionidae","Eptesicus fuscus","Species of Concern"
"412","North Cascades National Park",504781,48.7,-121.2,"Mammal","Chiroptera","Vespertilionidae","Lasionycteris noctivagans","Species of Concern"
"413","North Cascades National Park",504781,48.7,-121.2,"Mammal","Chiroptera","Vespertilionidae","Lasiurus blossevillii","Species of Concern"
"414","North Cascades National Park",504781,48.7,-121.2,"Mammal","Chiroptera","Vespertilionidae","Lasiurus cinereus","Least Concern"
"415","North Cascades National Park",504781,48.7,-121.2,"Mammal","Chiroptera","Vespertilionidae","Myotis californicus","Species of Concern"
"416","North Cascades National Park",504781,48.7,-121.2,"Mammal","Chiroptera","Vespertilionidae","Myotis ciliolabrum","Least Concern"
"417","North Cascades National Park",504781,48.7,-121.2,"Mammal","Chiroptera","Vespertilionidae","Myotis evotis","Species of Concern"
"418","North Cascades National Park",504781,48.7,-121.2,"Mammal","Chiroptera","Vespertilionidae","Myotis lucifugus","Species of Concern"
"419","North Cascades National Park",504781,48.7,-121.2,"Mammal","Chiroptera","Vespertilionidae","Myotis thysanodes","Species of Concern"
"420","North Cascades National Park",504781,48.7,-121.2,"Mammal","Chiroptera","Vespertilionidae","Myotis volans","Species of Concern"
"421","North Cascades National Park",504781,48.7,-121.2,"Mammal","Chiroptera","Vespertilionidae","Myotis yumanensis","Species of Concern"
"422","Olympic National Park",922651,47.97,-123.5,"Mammal","Chiroptera","Vespertilionidae","Corynorhinus townsendii","Least Concern"
"423","Olympic National Park",922651,47.97,-123.5,"Mammal","Chiroptera","Vespertilionidae","Eptesicus fuscus","Species of Concern"
"424","Olympic National Park",922651,47.97,-123.5,"Mammal","Chiroptera","Vespertilionidae","Lasionycteris noctivagans","Species of Concern"
"425","Olympic National Park",922651,47.97,-123.5,"Mammal","Chiroptera","Vespertilionidae","Lasiurus cinereus cinereus","Least Concern"
"426","Olympic National Park",922651,47.97,-123.5,"Mammal","Chiroptera","Vespertilionidae","Myotis","Least Concern"
"427","Olympic National Park",922651,47.97,-123.5,"Mammal","Chiroptera","Vespertilionidae","Myotis californicus","Species of Concern"
"428","Olympic National Park",922651,47.97,-123.5,"Mammal","Chiroptera","Vespertilionidae","Myotis evotis","Species of Concern"
"429","Olympic National Park",922651,47.97,-123.5,"Mammal","Chiroptera","Vespertilionidae","Myotis keenii","Species of Concern"
"430","Olympic National Park",922651,47.97,-123.5,"Mammal","Chiroptera","Vespertilionidae","Myotis lucifugus","Species of Concern"
"431","Olympic National Park",922651,47.97,-123.5,"Mammal","Chiroptera","Vespertilionidae","Myotis thysanodes","Species of Concern"
"432","Olympic National Park",922651,47.97,-123.5,"Mammal","Chiroptera","Vespertilionidae","Myotis volans","Species of Concern"
"433","Olympic National Park",922651,47.97,-123.5,"Mammal","Chiroptera","Vespertilionidae","Myotis yumanensis","Species of Concern"
"434","Petrified Forest National Park",93533,35.07,-109.78,"Mammal","Chiroptera","Molossidae","Nyctinomops macrotis","Species of Concern"
"435","Petrified Forest National Park",93533,35.07,-109.78,"Mammal","Chiroptera","Molossidae","Tadarida brasiliensis","Least Concern"
"436","Petrified Forest National Park",93533,35.07,-109.78,"Mammal","Chiroptera","Vespertilionidae","Antrozous pallidus","Species of Concern"
"437","Petrified Forest National Park",93533,35.07,-109.78,"Mammal","Chiroptera","Vespertilionidae","Corynorhinus townsendii","Least Concern"
"438","Petrified Forest National Park",93533,35.07,-109.78,"Mammal","Chiroptera","Vespertilionidae","Eptesicus fuscus","Species of Concern"
"439","Petrified Forest National Park",93533,35.07,-109.78,"Mammal","Chiroptera","Vespertilionidae","Euderma maculatum","Species of Concern"
"440","Petrified Forest National Park",93533,35.07,-109.78,"Mammal","Chiroptera","Vespertilionidae","Idionycteris phyllotis","Species of Concern"
"441","Petrified Forest National Park",93533,35.07,-109.78,"Mammal","Chiroptera","Vespertilionidae","Lasionycteris noctivagans","Species of Concern"
"442","Petrified Forest National Park",93533,35.07,-109.78,"Mammal","Chiroptera","Vespertilionidae","Lasiurus cinereus","Least Concern"
"443","Petrified Forest National Park",93533,35.07,-109.78,"Mammal","Chiroptera","Vespertilionidae","Myotis californicus","Species of Concern"
"444","Petrified Forest National Park",93533,35.07,-109.78,"Mammal","Chiroptera","Vespertilionidae","Myotis ciliolabrum","Least Concern"
"445","Petrified Forest National Park",93533,35.07,-109.78,"Mammal","Chiroptera","Vespertilionidae","Myotis lucifugus","Species of Concern"
"446","Petrified Forest National Park",93533,35.07,-109.78,"Mammal","Chiroptera","Vespertilionidae","Myotis thysanodes","Species of Concern"
"447","Petrified Forest National Park",93533,35.07,-109.78,"Mammal","Chiroptera","Vespertilionidae","Myotis volans","Species of Concern"
"448","Petrified Forest National Park",93533,35.07,-109.78,"Mammal","Chiroptera","Vespertilionidae","Myotis yumanensis","Species of Concern"
"449","Petrified Forest National Park",93533,35.07,-109.78,"Mammal","Chiroptera","Vespertilionidae","Pipistrellus hesperus","Species of Concern"
"450","Pinnacles National Park",26606,36.48,-121.16,"Mammal","Chiroptera","Molossidae","Eumops perotis","Least Concern"
"451","Pinnacles National Park",26606,36.48,-121.16,"Mammal","Chiroptera","Molossidae","Nyctinomops femorosaccus","Species of Concern"
"452","Pinnacles National Park",26606,36.48,-121.16,"Mammal","Chiroptera","Molossidae","Nyctinomops macrotis","Species of Concern"
"453","Pinnacles National Park",26606,36.48,-121.16,"Mammal","Chiroptera","Molossidae","Tadarida brasiliensis","Least Concern"
"454","Pinnacles National Park",26606,36.48,-121.16,"Mammal","Chiroptera","Vespertilionidae","Antrozous pallidus","Species of Concern"
"455","Pinnacles National Park",26606,36.48,-121.16,"Mammal","Chiroptera","Vespertilionidae","Corynorhinus townsendii","Least Concern"
"456","Pinnacles National Park",26606,36.48,-121.16,"Mammal","Chiroptera","Vespertilionidae","Eptesicus fuscus","Species of Concern"
"457","Pinnacles National Park",26606,36.48,-121.16,"Mammal","Chiroptera","Vespertilionidae","Euderma maculatum","Species of Concern"
"458","Pinnacles National Park",26606,36.48,-121.16,"Mammal","Chiroptera","Vespertilionidae","Lasionycteris noctivagans","Species of Concern"
"459","Pinnacles National Park",26606,36.48,-121.16,"Mammal","Chiroptera","Vespertilionidae","Lasiurus blossevillii","Species of Concern"
"460","Pinnacles National Park",26606,36.48,-121.16,"Mammal","Chiroptera","Vespertilionidae","Lasiurus borealis","Least Concern"
"461","Pinnacles National Park",26606,36.48,-121.16,"Mammal","Chiroptera","Vespertilionidae","Lasiurus cinereus","Least Concern"
"462","Pinnacles National Park",26606,36.48,-121.16,"Mammal","Chiroptera","Vespertilionidae","Myotis californicus","Species of Concern"
"463","Pinnacles National Park",26606,36.48,-121.16,"Mammal","Chiroptera","Vespertilionidae","Myotis ciliolabrum","Least Concern"
"464","Pinnacles National Park",26606,36.48,-121.16,"Mammal","Chiroptera","Vespertilionidae","Myotis evotis","Species of Concern"
"465","Pinnacles National Park",26606,36.48,-121.16,"Mammal","Chiroptera","Vespertilionidae","Myotis leibii","Species of Concern"
"466","Pinnacles National Park",26606,36.48,-121.16,"Mammal","Chiroptera","Vespertilionidae","Myotis lucifugus","Species of Concern"
"467","Pinnacles National Park",26606,36.48,-121.16,"Mammal","Chiroptera","Vespertilionidae","Myotis thysanodes","Species of Concern"
"468","Pinnacles National Park",26606,36.48,-121.16,"Mammal","Chiroptera","Vespertilionidae","Myotis volans","Species of Concern"
"469","Pinnacles National Park",26606,36.48,-121.16,"Mammal","Chiroptera","Vespertilionidae","Myotis yumanensis","Species of Concern"
"470","Pinnacles National Park",26606,36.48,-121.16,"Mammal","Chiroptera","Vespertilionidae","Pipistrellus hesperus","Species of Concern"
"471","Redwood National Park",112512,41.3,-124,"Mammal","Chiroptera","Molossidae","Tadarida brasiliensis","Least Concern"
"472","Redwood National Park",112512,41.3,-124,"Mammal","Chiroptera","Vespertilionidae","Antrozous pallidus","Species of Concern"
"473","Redwood National Park",112512,41.3,-124,"Mammal","Chiroptera","Vespertilionidae","Corynorhinus townsendii","Least Concern"
"474","Redwood National Park",112512,41.3,-124,"Mammal","Chiroptera","Vespertilionidae","Eptesicus fuscus","Species of Concern"
"475","Redwood National Park",112512,41.3,-124,"Mammal","Chiroptera","Vespertilionidae","Euderma maculatum","Species of Concern"
"476","Redwood National Park",112512,41.3,-124,"Mammal","Chiroptera","Vespertilionidae","Lasionycteris noctivagans","Species of Concern"
"477","Redwood National Park",112512,41.3,-124,"Mammal","Chiroptera","Vespertilionidae","Lasiurus borealis","Least Concern"
"478","Redwood National Park",112512,41.3,-124,"Mammal","Chiroptera","Vespertilionidae","Lasiurus cinereus","Least Concern"
"479","Redwood National Park",112512,41.3,-124,"Mammal","Chiroptera","Vespertilionidae","Myotis","Least Concern"
"480","Redwood National Park",112512,41.3,-124,"Mammal","Chiroptera","Vespertilionidae","Myotis californicus","Species of Concern"
"481","Redwood National Park",112512,41.3,-124,"Mammal","Chiroptera","Vespertilionidae","Myotis ciliolabrum","Least Concern"
"482","Redwood National Park",112512,41.3,-124,"Mammal","Chiroptera","Vespertilionidae","Myotis ciliolbrum","Least Concern"
"483","Redwood National Park",112512,41.3,-124,"Mammal","Chiroptera","Vespertilionidae","Myotis evotis","Species of Concern"
"484","Redwood National Park",112512,41.3,-124,"Mammal","Chiroptera","Vespertilionidae","Myotis lucifugus","Species of Concern"
"485","Redwood National Park",112512,41.3,-124,"Mammal","Chiroptera","Vespertilionidae","Myotis thysanodes","Species of Concern"
"486","Redwood National Park",112512,41.3,-124,"Mammal","Chiroptera","Vespertilionidae","Myotis volans","Species of Concern"
"487","Redwood National Park",112512,41.3,-124,"Mammal","Chiroptera","Vespertilionidae","Myotis yumanensis","Species of Concern"
"488","Redwood National Park",112512,41.3,-124,"Mammal","Chiroptera","Vespertilionidae","Pipistrellus hesperus","Species of Concern"
"489","Rocky Mountain National Park",265828,40.4,-105.58,"Mammal","Chiroptera","Molossidae","Tadarida brasiliensis","Least Concern"
"490","Rocky Mountain National Park",265828,40.4,-105.58,"Mammal","Chiroptera","Vespertilionidae","Eptesicus fuscus","Species of Concern"
"491","Rocky Mountain National Park",265828,40.4,-105.58,"Mammal","Chiroptera","Vespertilionidae","Lasionycteris noctivagans","Species of Concern"
"492","Rocky Mountain National Park",265828,40.4,-105.58,"Mammal","Chiroptera","Vespertilionidae","Lasiurus cinereus","Least Concern"
"493","Rocky Mountain National Park",265828,40.4,-105.58,"Mammal","Chiroptera","Vespertilionidae","Myotis ciliolabrum","Least Concern"
"494","Rocky Mountain National Park",265828,40.4,-105.58,"Mammal","Chiroptera","Vespertilionidae","Myotis evotis","Species of Concern"
"495","Rocky Mountain National Park",265828,40.4,-105.58,"Mammal","Chiroptera","Vespertilionidae","Myotis lucifugus","Species of Concern"
"496","Rocky Mountain National Park",265828,40.4,-105.58,"Mammal","Chiroptera","Vespertilionidae","Myotis volans","Species of Concern"
"497","Rocky Mountain National Park",265828,40.4,-105.58,"Mammal","Chiroptera","Vespertilionidae","Plecotus townsendii","Least Concern"
"498","Saguaro National Park",91440,32.25,-110.5,"Mammal","Chiroptera","Vespertilionidae","Antrozous pallidus pallidus","Least Concern"
"499","Saguaro National Park",91440,32.25,-110.5,"Mammal","Chiroptera","Vespertilionidae","Corynorhinus rafinesquii pallescans","Least Concern"
"500","Saguaro National Park",91440,32.25,-110.5,"Mammal","Chiroptera","Molossidae","Nyctinomops femorosaccus","Species of Concern"
"501","Saguaro National Park",91440,32.25,-110.5,"Mammal","Chiroptera","Molossidae","Tadarida","Least Concern"
"502","Saguaro National Park",91440,32.25,-110.5,"Mammal","Chiroptera","Molossidae","Tadarida brasiliensis","Least Concern"
"503","Saguaro National Park",91440,32.25,-110.5,"Mammal","Chiroptera","Phyllostomidae","Choeronycteris mexicana","Species of Concern"
"504","Saguaro National Park",91440,32.25,-110.5,"Mammal","Chiroptera","Phyllostomidae","Leptonycteris curasoae","Least Concern"
"505","Saguaro National Park",91440,32.25,-110.5,"Mammal","Chiroptera","Phyllostomidae","Leptonycteris nivalis","Endangered"
"506","Saguaro National Park",91440,32.25,-110.5,"Mammal","Chiroptera","Phyllostomidae","Leptonycteris yerbabuenae","Least Concern"
"507","Saguaro National Park",91440,32.25,-110.5,"Mammal","Chiroptera","Phyllostomidae","Macrotus californicus","Species of Concern"
"508","Saguaro National Park",91440,32.25,-110.5,"Mammal","Chiroptera","Vespertilionidae","Antrozous pallidus","Species of Concern"
"509","Saguaro National Park",91440,32.25,-110.5,"Mammal","Chiroptera","Vespertilionidae","Eptesicus fuscus","Species of Concern"
"510","Saguaro National Park",91440,32.25,-110.5,"Mammal","Chiroptera","Vespertilionidae","Lasionycteris noctivagans","Species of Concern"
"511","Saguaro National Park",91440,32.25,-110.5,"Mammal","Chiroptera","Vespertilionidae","Lasiurus blossevillii","Species of Concern"
"512","Saguaro National Park",91440,32.25,-110.5,"Mammal","Chiroptera","Vespertilionidae","Lasiurus cinereus","Least Concern"
"513","Saguaro National Park",91440,32.25,-110.5,"Mammal","Chiroptera","Vespertilionidae","Myotis","Least Concern"
"514","Saguaro National Park",91440,32.25,-110.5,"Mammal","Chiroptera","Vespertilionidae","Myotis auriculus","Least Concern"
"515","Saguaro National Park",91440,32.25,-110.5,"Mammal","Chiroptera","Vespertilionidae","Myotis californicus","Species of Concern"
"516","Saguaro National Park",91440,32.25,-110.5,"Mammal","Chiroptera","Vespertilionidae","Myotis evotis","Species of Concern"
"517","Saguaro National Park",91440,32.25,-110.5,"Mammal","Chiroptera","Vespertilionidae","Myotis leibii","Species of Concern"
"518","Saguaro National Park",91440,32.25,-110.5,"Mammal","Chiroptera","Vespertilionidae","Myotis lucifugus","Species of Concern"
"519","Saguaro National Park",91440,32.25,-110.5,"Mammal","Chiroptera","Vespertilionidae","Myotis thysanodes","Species of Concern"
"520","Saguaro National Park",91440,32.25,-110.5,"Mammal","Chiroptera","Vespertilionidae","Myotis velifer","Species of Concern"
"521","Saguaro National Park",91440,32.25,-110.5,"Mammal","Chiroptera","Vespertilionidae","Myotis volans","Species of Concern"
"522","Saguaro National Park",91440,32.25,-110.5,"Mammal","Chiroptera","Vespertilionidae","Myotis yumanensis","Species of Concern"
"523","Saguaro National Park",91440,32.25,-110.5,"Mammal","Chiroptera","Vespertilionidae","Pipistrellus hesperus","Species of Concern"
"524","Saguaro National Park",91440,32.25,-110.5,"Mammal","Chiroptera","Vespertilionidae","Plecotus rafinesquii","Species of Concern"
"525","Saguaro National Park",91440,32.25,-110.5,"Mammal","Chiroptera","Vespertilionidae","Plecotus townsendii","Least Concern"
"526","Sequoia and Kings Canyon National Parks",865952,36.43,-118.68,"Mammal","Chiroptera","Molossidae","Eumops perotis","Least Concern"
"527","Sequoia and Kings Canyon National Parks",865952,36.43,-118.68,"Mammal","Chiroptera","Molossidae","Tadarida brasiliensis","Least Concern"
"528","Sequoia and Kings Canyon National Parks",865952,36.43,-118.68,"Mammal","Chiroptera","Vespertilionidae","Antrozous pallidus","Species of Concern"
"529","Sequoia and Kings Canyon National Parks",865952,36.43,-118.68,"Mammal","Chiroptera","Vespertilionidae","Eptesicus fuscus","Species of Concern"
"530","Sequoia and Kings Canyon National Parks",865952,36.43,-118.68,"Mammal","Chiroptera","Vespertilionidae","Euderma maculatum","Species of Concern"
"531","Sequoia and Kings Canyon National Parks",865952,36.43,-118.68,"Mammal","Chiroptera","Vespertilionidae","Lasionycteris noctivagans","Species of Concern"
"532","Sequoia and Kings Canyon National Parks",865952,36.43,-118.68,"Mammal","Chiroptera","Vespertilionidae","Lasiurus blossevillii","Species of Concern"
"533","Sequoia and Kings Canyon National Parks",865952,36.43,-118.68,"Mammal","Chiroptera","Vespertilionidae","Lasiurus cinereus","Least Concern"
"534","Sequoia and Kings Canyon National Parks",865952,36.43,-118.68,"Mammal","Chiroptera","Vespertilionidae","Myotis californicus","Species of Concern"
"535","Sequoia and Kings Canyon National Parks",865952,36.43,-118.68,"Mammal","Chiroptera","Vespertilionidae","Myotis ciliolabrum","Least Concern"
"536","Sequoia and Kings Canyon National Parks",865952,36.43,-118.68,"Mammal","Chiroptera","Vespertilionidae","Myotis evotis","Species of Concern"
"537","Sequoia and Kings Canyon National Parks",865952,36.43,-118.68,"Mammal","Chiroptera","Vespertilionidae","Myotis lucifugus","Species of Concern"
"538","Sequoia and Kings Canyon National Parks",865952,36.43,-118.68,"Mammal","Chiroptera","Vespertilionidae","Myotis thysanodes","Species of Concern"
"539","Sequoia and Kings Canyon National Parks",865952,36.43,-118.68,"Mammal","Chiroptera","Vespertilionidae","Myotis volans","Species of Concern"
"540","Sequoia and Kings Canyon National Parks",865952,36.43,-118.68,"Mammal","Chiroptera","Vespertilionidae","Myotis yumanensis","Species of Concern"
"541","Sequoia and Kings Canyon National Parks",865952,36.43,-118.68,"Mammal","Chiroptera","Vespertilionidae","Pipistrellus hesperus","Species of Concern"
"542","Sequoia and Kings Canyon National Parks",865952,36.43,-118.68,"Mammal","Chiroptera","Vespertilionidae","Plecotus townsendii","Least Concern"
"543","Shenandoah National Park",199045,38.53,-78.35,"Mammal","Chiroptera","Vespertilionidae","Eptesicus fuscus","Species of Concern"
"544","Shenandoah National Park",199045,38.53,-78.35,"Mammal","Chiroptera","Vespertilionidae","Lasionycteris noctivagans","Species of Concern"
"545","Shenandoah National Park",199045,38.53,-78.35,"Mammal","Chiroptera","Vespertilionidae","Lasiurus borealis","Least Concern"
"546","Shenandoah National Park",199045,38.53,-78.35,"Mammal","Chiroptera","Vespertilionidae","Lasiurus cinereus","Least Concern"
"547","Shenandoah National Park",199045,38.53,-78.35,"Mammal","Chiroptera","Vespertilionidae","Myotis leibii","Species of Concern"
"548","Shenandoah National Park",199045,38.53,-78.35,"Mammal","Chiroptera","Vespertilionidae","Myotis lucifugus","Species of Concern"
"549","Shenandoah National Park",199045,38.53,-78.35,"Mammal","Chiroptera","Vespertilionidae","Myotis septentrionalis","Threatened"
"550","Shenandoah National Park",199045,38.53,-78.35,"Mammal","Chiroptera","Vespertilionidae","Myotis sodalis","Endangered"
"551","Shenandoah National Park",199045,38.53,-78.35,"Mammal","Chiroptera","Vespertilionidae","Perimyotis subflavus","Least Concern"
"552","Theodore Roosevelt National Park",70447,46.97,-103.45,"Mammal","Chiroptera","Vespertilionidae","Eptesicus fuscus","Species of Concern"
"553","Theodore Roosevelt National Park",70447,46.97,-103.45,"Mammal","Chiroptera","Vespertilionidae","Lasionycteris noctivagans","Species of Concern"
"554","Theodore Roosevelt National Park",70447,46.97,-103.45,"Mammal","Chiroptera","Vespertilionidae","Lasiurus borealis","Least Concern"
"555","Theodore Roosevelt National Park",70447,46.97,-103.45,"Mammal","Chiroptera","Vespertilionidae","Lasiurus cinereus","Least Concern"
"556","Theodore Roosevelt National Park",70447,46.97,-103.45,"Mammal","Chiroptera","Vespertilionidae","Myotis ciliolabrum","Least Concern"
"557","Theodore Roosevelt National Park",70447,46.97,-103.45,"Mammal","Chiroptera","Vespertilionidae","Myotis evotis","Species of Concern"
"558","Theodore Roosevelt National Park",70447,46.97,-103.45,"Mammal","Chiroptera","Vespertilionidae","Myotis lucifugus","Species of Concern"
"559","Theodore Roosevelt National Park",70447,46.97,-103.45,"Mammal","Chiroptera","Vespertilionidae","Myotis septentrionalis","Threatened"
"560","Theodore Roosevelt National Park",70447,46.97,-103.45,"Mammal","Chiroptera","Vespertilionidae","Myotis volans","Species of Concern"
"561","Voyageurs National Park",218200,48.5,-92.88,"Mammal","Chiroptera","Vespertilionidae","Eptesicus fuscus","Species of Concern"
"562","Voyageurs National Park",218200,48.5,-92.88,"Mammal","Chiroptera","Vespertilionidae","Lasionycteris noctivagans","Species of Concern"
"563","Voyageurs National Park",218200,48.5,-92.88,"Mammal","Chiroptera","Vespertilionidae","Lasiurus borealis","Least Concern"
"564","Voyageurs National Park",218200,48.5,-92.88,"Mammal","Chiroptera","Vespertilionidae","Lasiurus cinereus","Least Concern"
"565","Voyageurs National Park",218200,48.5,-92.88,"Mammal","Chiroptera","Vespertilionidae","Myotis lucifugus","Species of Concern"
"566","Voyageurs National Park",218200,48.5,-92.88,"Mammal","Chiroptera","Vespertilionidae","Myotis septentrionalis","Threatened"
"567","Wind Cave National Park",28295,43.57,-103.48,"Mammal","Chiroptera","Vespertilionidae","Corynorhinus townsendii","Least Concern"
"568","Wind Cave National Park",28295,43.57,-103.48,"Mammal","Chiroptera","Vespertilionidae","Eptesicus fuscus","Species of Concern"
"569","Wind Cave National Park",28295,43.57,-103.48,"Mammal","Chiroptera","Vespertilionidae","Lasionycteris noctivagans","Species of Concern"
"570","Wind Cave National Park",28295,43.57,-103.48,"Mammal","Chiroptera","Vespertilionidae","Lasiurus borealis","Least Concern"
"571","Wind Cave National Park",28295,43.57,-103.48,"Mammal","Chiroptera","Vespertilionidae","Lasiurus cinereus","Least Concern"
"572","Wind Cave National Park",28295,43.57,-103.48,"Mammal","Chiroptera","Vespertilionidae","Myotis ciliolabrum","Least Concern"
"573","Wind Cave National Park",28295,43.57,-103.48,"Mammal","Chiroptera","Vespertilionidae","Myotis evotis","Species of Concern"
"574","Wind Cave National Park",28295,43.57,-103.48,"Mammal","Chiroptera","Vespertilionidae","Myotis lucifugus","Species of Concern"
"575","Wind Cave National Park",28295,43.57,-103.48,"Mammal","Chiroptera","Vespertilionidae","Myotis septentrionalis","Threatened"
"576","Wind Cave National Park",28295,43.57,-103.48,"Mammal","Chiroptera","Vespertilionidae","Myotis septentrionalis septentrionalis","Least Concern"
"577","Wind Cave National Park",28295,43.57,-103.48,"Mammal","Chiroptera","Vespertilionidae","Myotis thysanodes","Species of Concern"
"578","Wind Cave National Park",28295,43.57,-103.48,"Mammal","Chiroptera","Vespertilionidae","Myotis thysanodes pahasapensis","Species of Concern"
"579","Wind Cave National Park",28295,43.57,-103.48,"Mammal","Chiroptera","Vespertilionidae","Myotis volans","Species of Concern"
"580","Wrangell - St Elias National Park and Preserve",8323148,61,-142,"Mammal","Chiroptera","Vespertilionidae","Myotis lucifugus","Species of Concern"
"581","Yellowstone National Park",2219791,44.6,-110.5,"Mammal","Chiroptera","Vespertilionidae","Antrozous pallidus","Species of Concern"
"582","Yellowstone National Park",2219791,44.6,-110.5,"Mammal","Chiroptera","Vespertilionidae","Corynorhinus townsendii","Least Concern"
"583","Yellowstone National Park",2219791,44.6,-110.5,"Mammal","Chiroptera","Vespertilionidae","Eptesicus fuscus","Species of Concern"
"584","Yellowstone National Park",2219791,44.6,-110.5,"Mammal","Chiroptera","Vespertilionidae","Euderma maculatum","Species of Concern"
"585","Yellowstone National Park",2219791,44.6,-110.5,"Mammal","Chiroptera","Vespertilionidae","Lasionycteris noctivagans","Species of Concern"
"586","Yellowstone National Park",2219791,44.6,-110.5,"Mammal","Chiroptera","Vespertilionidae","Lasiurus cinereus","Least Concern"
"587","Yellowstone National Park",2219791,44.6,-110.5,"Mammal","Chiroptera","Vespertilionidae","Myotis californicus","Species of Concern"
"588","Yellowstone National Park",2219791,44.6,-110.5,"Mammal","Chiroptera","Vespertilionidae","Myotis ciliolabrum","Least Concern"
"589","Yellowstone National Park",2219791,44.6,-110.5,"Mammal","Chiroptera","Vespertilionidae","Myotis evotis","Species of Concern"
"590","Yellowstone National Park",2219791,44.6,-110.5,"Mammal","Chiroptera","Vespertilionidae","Myotis lucifugus","Species of Concern"
"591","Yellowstone National Park",2219791,44.6,-110.5,"Mammal","Chiroptera","Vespertilionidae","Myotis thysanodes","Species of Concern"
"592","Yellowstone National Park",2219791,44.6,-110.5,"Mammal","Chiroptera","Vespertilionidae","Myotis volans","Species of Concern"
"593","Yellowstone National Park",2219791,44.6,-110.5,"Mammal","Chiroptera","Vespertilionidae","Myotis yumanensis","Species of Concern"
"594","Yosemite National Park",761266,37.83,-119.5,"Mammal","Chiroptera","Molossidae","Eumops perotis","Least Concern"
"595","Yosemite National Park",761266,37.83,-119.5,"Mammal","Chiroptera","Molossidae","Tadarida brasiliensis","Least Concern"
"596","Yosemite National Park",761266,37.83,-119.5,"Mammal","Chiroptera","Vespertilionidae","Antrozous pallidus","Species of Concern"
"597","Yosemite National Park",761266,37.83,-119.5,"Mammal","Chiroptera","Vespertilionidae","Corynorhinus townsendii","Least Concern"
"598","Yosemite National Park",761266,37.83,-119.5,"Mammal","Chiroptera","Vespertilionidae","Eptesicus fuscus","Species of Concern"
"599","Yosemite National Park",761266,37.83,-119.5,"Mammal","Chiroptera","Vespertilionidae","Euderma maculatum","Species of Concern"
"600","Yosemite National Park",761266,37.83,-119.5,"Mammal","Chiroptera","Vespertilionidae","Lasionycteris noctivagans","Species of Concern"
"601","Yosemite National Park",761266,37.83,-119.5,"Mammal","Chiroptera","Vespertilionidae","Lasiurus blossevillii","Species of Concern"
"602","Yosemite National Park",761266,37.83,-119.5,"Mammal","Chiroptera","Vespertilionidae","Lasiurus cinereus","Least Concern"
"603","Yosemite National Park",761266,37.83,-119.5,"Mammal","Chiroptera","Vespertilionidae","Myotis californicus","Species of Concern"
"604","Yosemite National Park",761266,37.83,-119.5,"Mammal","Chiroptera","Vespertilionidae","Myotis ciliolabrum","Least Concern"
"605","Yosemite National Park",761266,37.83,-119.5,"Mammal","Chiroptera","Vespertilionidae","Myotis evotis","Species of Concern"
"606","Yosemite National Park",761266,37.83,-119.5,"Mammal","Chiroptera","Vespertilionidae","Myotis lucifugus","Species of Concern"
"607","Yosemite National Park",761266,37.83,-119.5,"Mammal","Chiroptera","Vespertilionidae","Myotis thysanodes","Species of Concern"
"608","Yosemite National Park",761266,37.83,-119.5,"Mammal","Chiroptera","Vespertilionidae","Myotis volans","Species of Concern"
"609","Yosemite National Park",761266,37.83,-119.5,"Mammal","Chiroptera","Vespertilionidae","Myotis yumanensis","Species of Concern"
"610","Yosemite National Park",761266,37.83,-119.5,"Mammal","Chiroptera","Vespertilionidae","Parastrellus hesperus","Least Concern"
"611","Zion National Park",146598,37.3,-113.05,"Mammal","Chiroptera","Molossidae","Eumops perotis","Least Concern"
"612","Zion National Park",146598,37.3,-113.05,"Mammal","Chiroptera","Molossidae","Nyctinomops macrotis","Species of Concern"
"613","Zion National Park",146598,37.3,-113.05,"Mammal","Chiroptera","Molossidae","Tadarida brasiliensis","Least Concern"
"614","Zion National Park",146598,37.3,-113.05,"Mammal","Chiroptera","Phyllostomidae","Macrotus californicus","Species of Concern"
"615","Zion National Park",146598,37.3,-113.05,"Mammal","Chiroptera","Vespertilionidae","Antrozous pallidus","Species of Concern"
"616","Zion National Park",146598,37.3,-113.05,"Mammal","Chiroptera","Vespertilionidae","Corynorhinus townsendii","Least Concern"
"617","Zion National Park",146598,37.3,-113.05,"Mammal","Chiroptera","Vespertilionidae","Eptesicus fuscus","Species of Concern"
"618","Zion National Park",146598,37.3,-113.05,"Mammal","Chiroptera","Vespertilionidae","Euderma maculatum","Species of Concern"
"619","Zion National Park",146598,37.3,-113.05,"Mammal","Chiroptera","Vespertilionidae","Idionycteris phyllotis","Species of Concern"
"620","Zion National Park",146598,37.3,-113.05,"Mammal","Chiroptera","Vespertilionidae","Lasionycteris noctivagans","Species of Concern"
"621","Zion National Park",146598,37.3,-113.05,"Mammal","Chiroptera","Vespertilionidae","Lasiurus blossevillii","Species of Concern"
"622","Zion National Park",146598,37.3,-113.05,"Mammal","Chiroptera","Vespertilionidae","Lasiurus cinereus","Least Concern"
"623","Zion National Park",146598,37.3,-113.05,"Mammal","Chiroptera","Vespertilionidae","Myotis californicus","Species of Concern"
"624","Zion National Park",146598,37.3,-113.05,"Mammal","Chiroptera","Vespertilionidae","Myotis ciliolabrum","Least Concern"
"625","Zion National Park",146598,37.3,-113.05,"Mammal","Chiroptera","Vespertilionidae","Myotis evotis","Species of Concern"
"626","Zion National Park",146598,37.3,-113.05,"Mammal","Chiroptera","Vespertilionidae","Myotis lucifugus","Species of Concern"
"627","Zion National Park",146598,37.3,-113.05,"Mammal","Chiroptera","Vespertilionidae","Myotis thysanodes","Species of Concern"
"628","Zion National Park",146598,37.3,-113.05,"Mammal","Chiroptera","Vespertilionidae","Myotis volans","Species of Concern"
"629","Zion National Park",146598,37.3,-113.05,"Mammal","Chiroptera","Vespertilionidae","Myotis yumanensis","Species of Concern"
"630","Zion National Park",146598,37.3,-113.05,"Mammal","Chiroptera","Vespertilionidae","Pipistrellus hesperus","Species of Concern"
